{"current":{"color_body_bg":"#fff","color_default":"#f2f2f2","color_headings":"#000000","color_body_text":"#515151","color_primary":"#926cd9","color_buy":"#926cd9","color_button_text":"#fff","color_secondary":"#926cd9","color_sale":"#000000","color_nav_bg":"#ffffff","color_nav_text":"#202020","color_announcement_bg":"#333333","color_announcement_text":"#ffffff","color_drawer_bg":"#f6f4fc","color_drawer_default":"#ffffff","color_drawer_text":"#202020","color_drawer_primary":"#926cd9","color_drawer_buy":"#926cd9","color_drawer_button_text":"#fff","color_drawer_overlay":"#202020","color_drawer_overlay_opacity":65,"color_overlay":"#515151","color_transparent_nav_text":"#fff","opacity_overlay":50,"color_footer_bg":"#333333","color_footer_text":"#fff","color_footer_default":"#000000","color_footer_primary":"#926cd9","color_footer_button_text":"#fff","color_copyright_bg":"#333333","color_copyright_text":"#fff","header_family":"fira_sans_n3","header_font_size":28,"header_font_size_big":60,"header_spacing":0,"header_transform":"initial","accent_family":"fira_sans_n4","accent_spacing":0.3,"accent_transform":"initial","button_uppercase":true,"base_family":"work_sans_n3","base_font_size":15,"share_image":"","social_facebook_link":"https:\/\/www.facebook.com\/AstreaJewelryAccessoriesShop","social_twitter_link":"","social_pinterest_link":"","social_instagram_link":"https:\/\/www.instagram.com\/astrea_jewelry_accessories\/","social_snapchat_link":"","social_google_plus_link":"","social_tumblr_link":"","social_youtube_link":"","social_vimeo_link":"","social_fancy_link":"","share_facebook":true,"share_twitter":true,"share_pinterest":true,"favicon":"shopify:\/\/shop_images\/Solo_Favicon_7da2404f-f9a0-4b8d-a5f4-09c1a024e34a.png","cart_top_button":true,"cart_notes_enable":false,"cart_spacer":false,"enable_payment_button":false,"cart_type":"page","cart_icon":"bag","browsing_button_style":"btn--primary","checkout_icon":"lock","search_enabled":false,"search_product":true,"search_button_style":"btn--primary","review_section_style":"default-section","review_widget":"review_widget_above","review_badge":"review_badge_under","review_badge_grid":"review_badge_under","sticky_header":false,"hero_header":false,"show_announcement":true,"show_announcement_home":false,"hide_announcement_mobile":false,"announcement_text":"Lifetime Warranty + Money-Back Guaranteed","announcement_link":"","announcement_size":"medium","grid_product_vendor":false,"color_product":false,"sale_type":"amount","tag_placement":"none","tag_text":true,"show_currency_selector":false,"auto_currency_selector":false,"position_currency_converter":"announcement","show_author":true,"show_date":true,"show_hero":true,"parallax_enabled":true,"section_height":"small","section_height_mobile":"xsmall","border_radius":4,"border_width":"1","show_top_button":true,"top_button_mobile":false,"top_button_position":"right","show_breadcrumbs":false,"transition_hover_enabled":true,"image_effect":true,"browsing_link":"shopify:\/\/products\/astrea-jewelry-cleaner","buy_now_text":"","more_payment_text":"","zindex_drawer":"999999999","dbtfy_delivery_time":false,"dbtfy_delivery_time_icon":"shipping-fast","dbtfy_delivery_time_prefix":"Get it between","dbtfy_delivery_time_separator":"-","dbtfy_delivery_time_suffix":"","dbtfy_delivery_time_date":true,"dbtfy_delivery_time_from":7,"dbtfy_delivery_time_to":14,"dbtfy_delivery_time_format":"%b %d","dbtfy_live_view":false,"dbtfy_live_view_prefix":"","dbtfy_live_view_people":"People","dbtfy_live_view_suffix":"are viewing this right now","dbtfy_live_view_icon":"eye","dbtfy_live_view_min":2,"dbtfy_live_view_max":14,"dbtfy_live_view_interval":5,"dbtfy_inventory_quantity":false,"dbtfy_inventory_quantity_icon":"box-open","dbtfy_inventory_quantity_prefix":"Only","dbtfy_inventory_quantity_suffix":"left in stock","dbtfy_inventory_quantity_temp":true,"dbtfy_inventory_quantity_min":5,"dbtfy_inventory_quantity_max":11,"dbtfy_sticky_addtocart":true,"dbtfy_sticky_addtocart_reviews":true,"dbtfy_sticky_addtocart_animation":false,"dbtfy_sticky_addtocart_inventory":false,"dbtfy_sticky_addtocart_countdown":true,"dbtfy_sticky_addtocart_mobile":true,"dbtfy_sticky_addtocart_wrapper":"wrapper","dbtfy_sticky_addtocart_position":"top","dbtfy_trust_badge":true,"dbtfy_trust_badge_product":true,"dbtfy_trust_badge_cart":true,"dbtfy_trust_badge_background":false,"dbtfy_trust_badge_text_small":true,"dbtfy_trust_badge_image":"","dbtfy_trust_badge_text":"Guaranteed Safe & Secure Checkout","dbtfy_trust_badge_text_position":"under","dbtfy_trust_badge_width":"300","dbtfy_discount_saved":false,"dbtfy_sales_countdown":true,"dbtfy_sales_countdown_bg":false,"dbtfy_sales_countdown_icon":"hourglass-half","dbtfy_sales_countdown_prefix":"Sale ends in","dbtfy_sales_countdown_suffix":"","dbtfy_sales_countdown_date":"","dbtfy_sales_countdown_time_hours":2,"dbtfy_sales_countdown_time_mins":42,"dbtfy_sales_countdown_type":"","dbtfy_sales_countdown_tag":"","dbtfy_sales_countdown_product":"","dbtfy_sales_countdown_collection":"","dbtfy_sales_countdown_d":"d","dbtfy_sales_countdown_h":"h","dbtfy_sales_countdown_m":"m","dbtfy_sales_countdown_s":"s","dbtfy_cart_countdown":true,"dbtfy_cart_countdown_icon":"check-circle","dbtfy_cart_countdown_prefix":"Your cart is saved for the next","dbtfy_cart_countdown_suffix":"","dbtfy_cart_countdown_time_mins":11,"dbtfy_cart_countdown_m":"m","dbtfy_cart_countdown_s":"s","checkout_logo_image":"shopify:\/\/shop_images\/Solo_Checkout_LOGO_817f7b09-3adc-4e51-9839-78c7e69d2964.png","checkout_logo_position":"center","checkout_logo_size":"large","checkout_body_background_image":"","checkout_body_background_color":"#ffffff","checkout_input_background_color_mode":"white","checkout_sidebar_background_image":"","checkout_sidebar_background_color":"#f7f7f7","checkout_heading_font":"-apple-system, BlinkMacSystemFont, 'Segoe UI', Roboto, Helvetica, Arial, sans-serif, 'Apple Color Emoji', 'Segoe UI Emoji', 'Segoe UI Symbol'","checkout_body_font":"-apple-system, BlinkMacSystemFont, 'Segoe UI', Roboto, Helvetica, Arial, sans-serif, 'Apple Color Emoji', 'Segoe UI Emoji', 'Segoe UI Symbol'","checkout_accent_color":"#000000","checkout_button_color":"#926cd9","checkout_error_color":"#ed5358","currency_custom":false,"currency_symbol":true,"currency_transparent":false,"announcement_position":"above","dbtfy_addtocart_animation":false,"dbtfy_addtocart_animation_type":"shake","dbtfy_addtocart_animation_speed":"","dbtfy_addtocart_animation_interval":6,"dbtfy_chat_box":false,"dbtfy_chat_box_mobile":false,"dbtfy_chat_box_new":true,"dbtfy_chat_box_image":"","dbtfy_chat_box_link":"","dbtfy_chat_box_position":"left","dbtfy_chat_box_animation":"bounceInLeft","dbtfy_chat_box_height":59,"dbtfy_cookie_box":false,"dbtfy_cookie_box_text":"<p><strong>Do you like cookies?<\/strong> 🍪 We use cookies to ensure you get the best experience on our website.<\/p>","dbtfy_cookie_box_button_label":"I agree","dbtfy_cookie_box_button_style":"btn--primary","dbtfy_instagram_feed":false,"dbtfy_instagram_feed_background_section":true,"dbtfy_instagram_feed_full_width":false,"dbtfy_instagram_hide_home":false,"dbtfy_instagram_feed_icon":true,"dbtfy_instagram_feed_access_token":"","dbtfy_instagram_feed_title":"","dbtfy_instagram_feed_subtitle":"","dbtfy_instagram_feed_position":"under","dbtfy_instagram_feed_resolution":"low_resolution","dbtfy_instagram_feed_rows":"1","dbtfy_instagram_feed_desktop_grid":"6","dbtfy_instagram_feed_mobile_grid":"3","dbtfy_sales_pop":false,"dbtfy_sales_pop_mobile":false,"dbtfy_sales_pop_collection":"","dbtfy_sales_pop_name":"Someone","dbtfy_sales_pop_city":"Montreal Canada","dbtfy_sales_pop_purchase":"has purchased","dbtfy_sales_pop_prefix":"","dbtfy_sales_pop_suffix":"ago","dbtfy_sales_pop_separator":"-","dbtfy_sales_pop_icon":"clock","dbtfy_sales_pop_speed":"fast","dbtfy_sales_pop_timeago":30,"dbtfy_sales_pop_display":4,"dbtfy_sales_pop_interval":6,"dbtfy_sales_pop_minute":"minute","dbtfy_sales_pop_minutes":"minutes","dbtfy_sales_pop_hour":"hour","dbtfy_sales_pop_hours":"hours","dbtfy_sales_pop_day":"day","dbtfy_sales_pop_days":"days","sections":{"drawer-menu":{"type":"drawer-menu","settings":{"drawer_link_toggle":true,"show_social_medias":true,"drawer_top_link_list":"debutify-main-menu","drawer_bottom_link_list":"sidebar-menu-under"}},"header":{"type":"header","settings":{"default_logo":"shopify:\/\/shop_images\/Solo_Main_Logo_d60ee2de-7033-4e5e-a925-cceaa4f39e9d.png","height_logo":62,"navigation_type":"center","navigation_wrapper":"fluid","main_menu_link_list":"main-menu","height_logo_mobile":50}},"hero":{"type":"hero","settings":{"section_height":"xlarge","section_height_mobile":"xlarge","autoplay":true,"dots":true,"arrows":false,"autoplayspeed":5}},"guarantee":{"type":"guarantee","blocks":{"1561094726190":{"type":"text","settings":{"icon":"truck","title":"FREE Tracked Shipping","text":"","button_style":"btn--primary","button_label":"","button_link":""}},"1590845587608":{"type":"text","settings":{"icon":"gem","title":"Guaranteed Sparkling Jewelry","text":"","button_style":"btn--primary","button_label":"","button_link":""}},"1561091496626":{"type":"text","settings":{"icon":"handshake","title":"Lifetime Warranty","text":"","button_style":"btn--primary","button_label":"","button_link":""}},"1561094728717":{"type":"text","settings":{"icon":"headset","title":"24\/7 Customer Service","text":"","button_style":"btn--primary","button_label":"Contact Us","button_link":"shopify:\/\/pages\/contact-us-1"}}},"block_order":["1561094726190","1590845587608","1561091496626","1561094728717"],"settings":{"section_style":"bg-section","icon_size":"fa-2x"}},"footer":{"type":"footer","blocks":{"1567916034743":{"type":"text","settings":{"height_logo":40,"title":"Customer Service Hours","email":"contact@astrea-jewelry.com","phone":"(438) 800-3706","text":"<p>Monday - Friday<br\/>9am - 5pm EDT<\/p>"}},"1567915289405":{"type":"link_list","settings":{"title":"Quick Menu","footer_link_list":"footer"}},"1567916075846":{"type":"social_medias","settings":{"title":"Follow us!"}},"1567916051811":{"type":"newsletter","settings":{"title":"Join the Astrea V.I.P Club","subtitle":"Promotions, Discount Codes. Directly from us to you.","send_icon":"fa-envelope"}}},"block_order":["1567916034743","1567915289405","1567916075846","1567916051811"],"settings":{"show_payment_icons":true}},"product-template":{"type":"product-template","settings":{"image_layout":"thumbnail","product_photo_alignement":"right","enable_zoom":false,"product_vendor":false,"product_title_size":true,"product_header_alignement":"text-center","product_selector":"select","quantity_enabled":true,"button_cart_icon":true,"enable_payment_button":false,"show_description":true,"social_sharing_products":false,"show_product_tags":false}},"product-recommendations":{"type":"product-recommendations","settings":{"show_product_recommendations":false,"title":"You may also like","subtitle":"Customers who bought this item also bought","section_style":"bg-section","rows":"2","desktop_grid":"3","mobile_grid":"1","slider_related_products":true,"autoplay":true,"dots":true,"arrows":true,"autoplayspeed":5}},"related-product":{"type":"related-product","settings":{"show_related_products":false,"related_collection":true,"same_vendor":false,"same_type":false,"never_empty":true,"title":"Similar products","subtitle":"Customers who viewed this item also viewed","section_style":"","rows":"2","desktop_grid":"4","mobile_grid":"2","slider_related_products":true,"autoplay":true,"dots":true,"arrows":true,"autoplayspeed":5}},"quotes":{"type":"quotes","blocks":{"d9cbf8d0-b236-44e5-a95b-f0d9b46f5e5a":{"type":"quote","settings":{"quote_image":"shopify:\/\/shop_images\/pexels-tima-miroshnichenko-6263113.jpg","quote":"<p><em>After years of trying toothbrushes, liquid solutions, polishes and all other kinda useless alternatives, they've finally got it right.<\/em><\/p>","author":"Alissa McCarthy"}},"abda709c-3ab9-43c4-a730-ee067959f91a":{"type":"quote","settings":{"quote_image":"shopify:\/\/shop_images\/essence-logo-93C2489045-seeklogo.com_388fdfb1-40ac-42cb-8938-a59785a3e784.png","quote":"<p>The absolute BEST way to keep your jewelry looking stunning all year round is to clean it from the comfort of your home using an Astrea Jewelry Cleaner.<\/p>","author":"Essence Magazine"}},"3f7ef54c-d1e4-4041-b7af-d85f0cbc3e25":{"type":"quote","settings":{"quote_image":"shopify:\/\/shop_images\/pexels-daria-bondarskaya-5784458.jpg","quote":"<p><em>This inexpensive machine blows all the competition out of the water. My jewelry shines and sparkles like it's brand new<\/em><\/p>","author":"Mellissa Tanoth"}},"d2e8b6af-3c9f-42fa-8961-cb52a77a0adc":{"type":"quote","disabled":true,"settings":{"quote_image":"shopify:\/\/shop_images\/redbook-magazine-logo-vector_a0214ae9-9d01-40ec-ae7e-dca100bfa0b1.png","quote":"<p>Perfect for cleaning any type of jewelry safely without the risk of damaging gemstones or diamonds...<\/p>","author":"Redbook Magazine"}}},"block_order":["d9cbf8d0-b236-44e5-a95b-f0d9b46f5e5a","abda709c-3ab9-43c4-a730-ee067959f91a","3f7ef54c-d1e4-4041-b7af-d85f0cbc3e25","d2e8b6af-3c9f-42fa-8961-cb52a77a0adc"],"settings":{"title":"","subtitle":"","section_style":"bg-section","quote_width":"90","quote_auto":false,"quote_dots":true,"quote_arrows":false,"quote_auto_speed":3}},"collection-template":{"type":"collection-template","settings":{"collection_tags_enable":false,"collection_sort_enable":false,"show_label":true,"tag_selector":"button","rows":"6","desktop_grid":"4","mobile_grid":"2"}},"list-collections-template":{"type":"list-collections-template","settings":{"display_type":"all","sort":"alphabetical","section_height":"medium"}},"blog-template":{"type":"blog-template","settings":{"show_rss":true,"rows":"2","grid":"3","show_image":true,"show_tags":true,"word_count":22}},"article-template":{"type":"article-template","settings":{"social_sharing_blog":true,"show_tags":true}},"1568145568761":{"type":"hero","blocks":{"1590701763800":{"type":"slide","settings":{"image":"shopify:\/\/shop_images\/HTB1ZZZUeB1D3KVjSZFyq6zuFpXaU.jpg","image_position":"center center","overlay":true,"title":"Holiday Gifts Under $50","text":"<p>Our best sellers, perfect for that special someone or for treating yourself this season<\/p>","text_alignment":"","button_label":"Shop Now","button_link":"shopify:\/\/products\/porcelain-animal-jewelry-bowl","button_style":""}},"1568145586211":{"type":"slide","settings":{"image":"shopify:\/\/shop_images\/Homepage_Girl_Graphic_FAIR_switcted.jpg","image_position":"center center","overlay":false,"title":"Astrea Essentials","text":"<p>Our hand-picked trinkets perfect<br\/> to compliment any lifestyle<\/p>","text_alignment":"","button_label":"Shop Now","button_link":"shopify:\/\/products\/astrea-jewelry-cleaner","button_style":""}}},"block_order":["1590701763800","1568145586211"],"settings":{"section_height":"xlarge","section_height_mobile":"large","autoplay":true,"dots":true,"arrows":true,"autoplayspeed":5}},"1590700912778":{"type":"featured-row","settings":{"image":"shopify:\/\/shop_images\/pexels-ioana-motoc-9683895.jpg","section_style":"","text_size":"medium","image_alignement":"right","text_alignment":"text-center","title":"Our Goal 🌎","text":"<p>We pride ourselves in offering unique items to complement your lifestyle. <\/p><p>\"Without comprising on quality, were constantly striving towards ethically sourced materials.\"<\/p><p>- Erica, Brand Manager <\/p>","button_style":"btn--primary","button_label":"","button_link":""}},"1590701085479":{"type":"featured-row","settings":{"image":"shopify:\/\/shop_images\/pexels-pexels-user-10050219.jpg","section_style":"","text_size":"medium","image_alignement":"left","text_alignment":"text-center","title":"Your Goals ✨","text":"<p>\"We know your jewelry is an expression of yourself. We're here to support you & honored to have you trust us with your prized possessions\"<\/p><p>- Madison, Community Relations<\/p>","button_style":"btn--primary","button_label":"","button_link":""}},"1590701128801":{"type":"featured-row","settings":{"image":"shopify:\/\/shop_images\/pexels-pavel-danilyuk-7406059.jpg","section_style":"","text_size":"medium","image_alignement":"left","text_alignment":"text-center","title":"Our Story 🍁","text":"<p>Proudly Canadian 🇨🇦,<\/p><p>We began as a group of friends who bought & traded jewelry between our friend group. <br\/><br\/>We loved the look of brand new jewelry. <br\/><br\/>We soon realized we couldn't keep buying new jewelry all the time every time one of our pieces looked worn.<br\/><br\/>So now, after many attemtps we've brought our love of brand new jewelry in an at-home fix. Enjoy!<br\/><br\/>-Sophia ♥<\/p>","button_style":"btn--primary","button_label":"","button_link":""}},"dbtfy-faq-page":{"type":"dbtfy-faq-page","blocks":{"58f699a9-9d97-41da-96f8-4239d0608f5f":{"type":"text_block","settings":{"title":"How It Works","text":"<p><strong>1. <\/strong>Fill the machine with 300ml of warm water<br\/>(Don't worry, there is a marker in the tray)<br\/><br\/><strong>2. <\/strong>Add a couple drops of dish soap. (Adding White Vinegar for extra clean jewelry)<br\/><br\/><strong>3. <\/strong>Plug in the machine with the included wire.<br\/><br\/><strong>4. <\/strong>Drop your jewelry into the machine, press the button & let run for one cycle (3 min cycle)<\/p>"}},"1593227412680":{"type":"text_block","settings":{"title":"Shipping Info","text":"<p><strong>Free Worldwide Shipping 📦<\/strong><\/p><p>• United States: 7-16 Days<br\/>• Canada: 13-19 Days<br\/>• United Kingdom: 8-14 Days<br\/>• Australia: 12-20 Days<br\/>• Sweden & Denmark: 10-14 Days<br\/>• International: 11-20 Days<\/p>"}},"1593227405223":{"type":"text_block","settings":{"title":"Frequently Asked Questions","text":"<p><strong>Q) Is it dangerous for my jewelry?<\/strong><\/p><p>Not in the slightest,<br\/>The device  sends ultrasonic waves through the water to gently shake off all excess <em>dirt, oils & gunk off your jewelry.<\/em><\/p><p><br\/><strong>Q) What can I clean in it?<\/strong><br\/>Our device works with any:<br\/>14k \/18k\/22k\/24k Gold, Silver, Platinum, Sterling Silver, Rosegold & all Plated Jewelry.<br\/><br\/><em>Not recommended for real pearls or cracked gemstones.<\/em><br\/><\/p><p><strong>Q) What liquid do I clean my jewelry in?<\/strong><\/p><p>300ml of warm water + a couple drops of dish detergent is all that's needed.<br\/><em>(+White Vinegar for extra dirty jewelry)<\/em><br\/><br\/><strong>Q) What chemicals do I need?<\/strong><\/p><p>Absolutely none! No Harsh Cleaners required, only warm water & dish soap.<\/p><p><br\/><strong>Q) What else can I clean it it?<\/strong><\/p><p>Glasses, Watches & Makeup brushes all work great too!<\/p>"}}},"block_order":["58f699a9-9d97-41da-96f8-4239d0608f5f","1593227412680","1593227405223"],"settings":{"dbtfy_faq_searchbox":false,"dbtfy_faq_search_placeholder":"Search our questions...","dbtfy_faq_page_first":true,"dbtfy_faq_bannerbox":false,"dbtfy_faq_banner_text":"Need more help?","dbtfy_faq_btn":"Contact Us","dbtfy_faq_link":""}},"dbtfy-faq-page-pump":{"type":"dbtfy-faq-page-pump","blocks":{"6cd5a15a-03c6-4331-bd8a-6ca1fb532267":{"type":"text_block","settings":{"title":"Shipping Info 📦","text":"<p>• United States: 7-13 Days<br\/>• Canada: 10-15 Days<br\/>• United Kingdom: 6-10 Days<br\/>• Australia: 8-15 Days<br\/>• New Zealand: 10-17 Days<br\/>• Europe: 8-12 Days<br\/>• International: 12-20 Days<\/p>"}},"337a087c-1910-4882-9a8e-27cf5036280d":{"type":"text_block","settings":{"title":"Frequently Asked Questions ❓","text":"<p><strong>Will it damage my gear?<\/strong><br\/>Certainly not, all the AirPump does is suck in filtered air through it's nozzle into your mattress or pillow's valve.<br\/><br\/><strong>How long does it last?<\/strong><br\/>It can fill up roughly 9-12 air mattresses with one full charge.<br\/><\/p><p><strong>Does it need batteries?<\/strong><br\/>Nope! Your AirPump will have a charging cable included in the sack.<\/p><p><\/p><p><strong>Will it fit my valve type?<\/strong><br\/>We have yet to find an air mattress or pillow that has an incompatible valve. <\/p><p>Brands that work perfectly:<br\/><em>Nemo, Klymit, Thermarest (New & Old), Exped, REI, Coleman, Sea to Summit, Trekeology, etc...<\/em><br\/><\/p><p><strong>How does this protect my gear?<\/strong><br\/>Humidity builds up from our breath when we fill up these mattresses, avoid this by using an  Ultralight Camping AirPump.<\/p>"}},"3124251d-fb1d-40e4-a71a-21c25a9d3432":{"type":"text_block","settings":{"title":"Specifications ⚙","text":"<p><strong>Build:<\/strong> Hardened ABS Plastic<br\/><strong>AirPump Weight:<\/strong> 2.9 ounces (85 grams)<strong><br\/>Nozzles Weight:<\/strong> 0.1 ounces (4 grams)<br\/><strong>Width & Height:<\/strong> 1.1 in x 1.4 in (4.3 x 5.3 cm)<strong><br\/>Water Resistant:<\/strong> Yes<br\/><strong>Flow Rate:<\/strong> 180L\/min<br\/><strong>Efficiency:<\/strong> 9-12 mattresses filled  per charge<br\/><strong>Battery Size:<\/strong> 1300mAh<br\/>*charging cable included*<\/p>"}}},"block_order":["6cd5a15a-03c6-4331-bd8a-6ca1fb532267","337a087c-1910-4882-9a8e-27cf5036280d","3124251d-fb1d-40e4-a71a-21c25a9d3432"],"settings":{"dbtfy_faq_searchbox":true,"dbtfy_faq_search_placeholder":"Search our questions...","dbtfy_faq_page_first":false,"dbtfy_faq_bannerbox":true,"dbtfy_faq_banner_text":"Didn't find your answer?","dbtfy_faq_btn":"Get in Touch","dbtfy_faq_link":""}},"dbtfy-faq-page-fishfinder":{"type":"dbtfy-faq-page-fishfinder","blocks":{"fd0ae27c-8635-4675-8883-5d812cfa114d":{"type":"text_block","settings":{"title":"Shipping Info📦","text":"<p><strong>Free Worldwide Shipping 📦<\/strong><br\/><br\/>• United States: 7-16 Days<br\/>• Canada: 13-19 Days<br\/>• United Kingdom: 8-14 Days<br\/>• Australia: 12-20 Days<br\/>• Sweden & Denmark: 10-14 Days<br\/>• International: 11-20 Days<\/p>"}},"401a8e25-9309-4c4a-a9d4-9cb034612b1d":{"type":"text_block","settings":{"title":"Frequently Asked Questions ❓","text":"<p><strong>How does it work?<\/strong><br\/>1. Throw the buoy & sonar in the water,<br\/>2. Turn on the Fish Finder<br\/>3. Start casting!<br\/>Find our full guide <a href=\"\/pages\/fish-finder-guide\" title=\"Fish Finder Guide\">Here.<\/a><br\/><br\/><strong>Where can I use it?<\/strong><br\/>On a boat, by the shore, ponds or anywhere you fish. It needs to be at least 3 feet deep or else the sonar waves will bounce off itself.<br\/><br\/><em>The sonar transducer will not work in a pool or bucket, test it out in a pond or lake!<br\/><br\/><\/em><strong>What type of weather can it handle?<\/strong><br\/>It works in  any season, when cold and under -22° F (-30° C), keep it in your pocket while not in use to preserve battery.<\/p>"}},"4645eb1b-10bb-4463-bc21-c92217fc9563":{"type":"text_block","settings":{"title":"Specifications ⚙","text":"<p><strong>Frequency:<\/strong>  45° degrees at 200 khz<br\/><strong>Sonar Reach:<\/strong> 300 feet (90 meters)<br\/><strong>Cord Length: <\/strong>25 feet (8 meters)<br\/><strong>Display:<\/strong> Anti-UV LCD<br\/><strong>Power Source:<\/strong> 4 AAA Batteries<br\/><strong>Build: <\/strong>Hardened ABS Plastic<br\/><strong>Water Resistant:<\/strong> Yes<br\/><\/p>"}}},"block_order":["fd0ae27c-8635-4675-8883-5d812cfa114d","401a8e25-9309-4c4a-a9d4-9cb034612b1d","4645eb1b-10bb-4463-bc21-c92217fc9563"],"settings":{"dbtfy_faq_searchbox":false,"dbtfy_faq_search_placeholder":"Search our questions...","dbtfy_faq_page_first":true,"dbtfy_faq_bannerbox":false,"dbtfy_faq_banner_text":"Didn't find your answer?","dbtfy_faq_btn":"Get in Touch","dbtfy_faq_link":""}}},"content_for_index":["1568145568761","1590701128801","1590700912778","1590701085479"]}}